order_id,distance_km,parcel_count,traffic_level,hour,vehicle_capacity,planned_time_min,actual_time_min
ORD1001,-0.3448905146396441,1.424153573885016,Medium,-0.2731791823540765,1.2612893367250428,0.07619318706999013,0.03017360529504593
ORD1002,-0.749761988347053,-1.549264612321007,High,-1.3658959117703826,1.2612893367250428,-1.1201650726130457,-0.12281932296152395
ORD1003,1.1846239415883448,-0.2819060411512267,Medium,1.639075094124459,0.020676874372541915,1.1974178362415309,1.4453581916683178
ORD1004,-0.44985719300823174,1.424153573885016,Medium,-1.3658959117703826,-1.219935587979959,-0.40350601850340084,-0.07182168020933415
ORD1005,-0.7047762690462297,-1.451775491461793,Low,-0.2731791823540765,-1.219935587979959,-0.6751429180449598,-0.9324069016525403
ORD1006,0.19493811697023422,-0.2819060411512267,Low,1.639075094124459,0.020676874372541915,0.08197269557087444,0.03654831063906977
ORD1007,-1.1996191813552848,-1.1593081288841516,Low,-0.8195375470622295,-1.219935587979959,-1.7270134652058897,-1.6591233108712475
ORD1008,1.0946525029866983,1.424153573885016,High,-0.546358364708153,0.020676874372541915,1.833163771338796,1.9999575565983843
ORD1009,-1.4245477778594007,0.20553956314484267,Medium,-0.8195375470622295,-1.219935587979959,-0.4901986460166643,-1.59537625743101
ORD1010,1.7244525731982228,0.8879634091593398,Medium,-1.3658959117703826,-1.219935587979959,0.6310260031548763,1.266866442035653
ORD1011,0.9896858246181108,0.5467514861520912,Low,-1.3658959117703826,1.2612893367250428,0.9777965132079302,0.6740188450414446
ORD1012,-0.98968582461811,-0.4281397224400475,High,1.639075094124459,1.2612893367250428,-1.4669355826660995,-0.6264210451394
ORD1013,-1.664471614130458,1.2779198925961952,High,1.639075094124459,-1.219935587979959,-0.7502765285564547,-0.5626739916991625
ORD1014,1.1396382222875214,-0.03818323900319201,Low,-0.2731791823540765,-1.219935587979959,0.4518612396274651,0.45090415800061345
ORD1015,0.7647572281139948,0.9367079695889468,Low,0.0,1.2612893367250428,-0.17232567846803162,-0.052697564177262624
ORD1016,0.8397334269487001,1.424153573885016,Low,-0.8195375470622295,1.2612893367250428,0.8622063431902456,0.807887657265943
ORD1017,0.9746905848511696,1.2291753321665884,Low,1.639075094124459,1.2612893367250428,0.879544868692898,0.6421453183213259
ORD1018,-1.4245477778594007,0.9367079695889468,Medium,0.8195375470622295,0.020676874372541915,-0.9525593260874028,-1.0280274818128965
ORD1019,-0.44985719300823174,-1.0130744475953308,Medium,-0.2731791823540765,-1.219935587979959,-1.1721806491210036,-0.9324069016525403
ORD1020,-1.27459538018999,0.3030286840040565,Low,0.546358364708153,1.2612893367250428,-1.1201650726130457,-1.5635027307108913
ORD1021,1.3045858597238729,-1.5005200518914001,Medium,-1.3658959117703826,-1.219935587979959,1.5441883462945847,1.305114674099796
ORD1022,0.4648524327751735,-1.451775491461793,Low,-0.2731791823540765,0.020676874372541915,-0.0047199319423890124,-0.27581225121809383
ORD1023,-0.539828631609878,1.1316862113073745,Low,-0.8195375470622295,0.020676874372541915,-0.7502765285564547,-0.42880517947466373
ORD1024,-1.454538257393283,1.2779198925961952,Medium,1.639075094124459,1.2612893367250428,-1.8715011777279957,-1.4105098024543214
ORD1025,-0.5998095906776424,-1.5005200518914001,Medium,-1.3658959117703826,0.020676874372541915,-0.21278223797422138,-0.13556873364957162
ORD1026,-0.5548238713768191,-1.5005200518914001,High,-0.546358364708153,-1.219935587979959,0.14554728908060105,0.3680329885283049
ORD1027,0.8397334269487001,1.0341970904481605,Low,-0.2731791823540765,1.2612893367250428,1.3130080062592153,1.0373770496507986
ORD1028,0.5248333918429375,-1.549264612321007,Medium,0.2731791823540765,-1.219935587979959,0.0010595765584953,0.36165828318428106
ORD1029,1.3795620585585782,-0.6718625245880822,Medium,-1.3658959117703826,-1.219935587979959,0.7928522411796346,1.0756252817149408
ORD1030,-0.04498571930082277,-1.5005200518914001,Low,-0.8195375470622295,0.020676874372541915,-0.17232567846803162,-0.6391704558274477
ORD1031,-1.2596001404230492,0.9854525300185536,Medium,-1.092716729416306,0.020676874372541915,0.3940661546186228,-0.5626739916991625
ORD1032,0.7797524678809356,0.5467514861520912,Low,0.8195375470622295,0.020676874372541915,0.8564268346893616,0.23416417630380607
ORD1033,0.9447001053172875,-0.03818323900319201,Low,1.092716729416306,0.020676874372541915,0.6657030541601818,0.3042859350880674
ORD1034,0.25491907603799857,-0.03818323900319201,High,0.0,0.020676874372541915,-0.17232567846803162,0.31703534577611464
ORD1035,0.9746905848511696,1.0829416508777676,High,1.092716729416306,1.2612893367250428,0.7292776476699084,1.5091052451085554
ORD1036,0.029990479533882557,1.1316862113073745,High,-0.8195375470622295,-1.219935587979959,1.601983431303427,1.4517328970123422
ORD1037,0.1199619181355289,-0.7693516454472961,Low,0.546358364708153,-1.219935587979959,-0.24745928897952685,-0.5690486970431864
ORD1038,-0.20993335673717445,0.2542841235744496,Low,0.546358364708153,-1.219935587979959,-0.6000093075334646,-0.6136716344513528
ORD1039,-1.5894954152957526,-0.4281397224400475,Medium,-1.092716729416306,-1.219935587979959,-1.2184167171280775,-1.4232592131423687
ORD1040,-1.3045858597238724,-1.0618190080249377,Medium,0.0,0.020676874372541915,-2.1084610262642487,-1.9332356406642686
ORD1041,-1.5745001755288115,-0.818096205876903,Low,0.2731791823540765,-1.219935587979959,-1.206857700126309,-1.6846221322473425
ORD1042,0.5098381520759968,1.2779198925961952,Medium,-1.092716729416306,1.2612893367250428,0.6830415796628343,1.1521217458432258
ORD1043,-0.5998095906776424,-1.451775491461793,Low,1.3658959117703826,1.2612893367250428,-0.8485281730714868,-1.1427721780053237
ORD1044,0.07497619883470559,-0.6231179641584752,High,1.092716729416306,-1.219935587979959,0.6599235456592975,1.0756252817149408
ORD1045,1.4545382573932835,1.2779198925961952,Low,-1.092716729416306,-1.219935587979959,0.9200014281990879,0.7887635412338719
ORD1046,-0.8247381871817582,0.15679500271523575,Medium,1.092716729416306,1.2612893367250428,0.25535795059740135,-0.1164446176175001
ORD1047,-0.26991431580493874,-0.6718625245880822,Low,-1.3658959117703826,1.2612893367250428,-1.7327929737067738,-1.0216527764688725
ORD1048,0.9297048655503463,-0.6718625245880822,Medium,0.546358364708153,0.020676874372541915,-0.17810518696891592,0.259662997679901
ORD1049,-0.8847191462495225,-0.6231179641584752,Medium,-1.3658959117703826,1.2612893367250428,-0.01627894894415764,-1.0152780711248488
ORD1050,-1.40955253809246,0.9367079695889468,Low,0.8195375470622295,0.020676874372541915,-0.46708061201312745,-0.8304116161481602
ORD1051,-0.6747857895123477,0.010561321426414928,High,1.3658959117703826,0.020676874372541915,-0.4555215950113588,0.023798899951022093
ORD1052,-1.1246429825205795,0.3517732444336635,High,0.0,0.020676874372541915,0.09931122107352697,-0.5881728130752575
ORD1053,1.529514456227989,0.3030286840040565,High,0.2731791823540765,0.020676874372541915,1.220535870245068,1.6557234680211024
ORD1054,1.1096477427536395,-1.549264612321007,High,1.092716729416306,0.020676874372541915,0.879544868692898,1.2222435046274867
ORD1055,0.5098381520759968,-1.0618190080249377,Medium,0.2731791823540765,-1.219935587979959,0.006839085059379612,-0.4351798848186876
ORD1056,1.3195810994908141,1.1804307717369813,High,1.092716729416306,1.2612893367250428,1.596203922802543,1.6748475840531734
ORD1057,1.0946525029866983,0.8392188487297328,Low,-0.8195375470622295,0.020676874372541915,2.203052315395387,1.2796158527237007
ORD1058,-1.0346715439189331,-0.47688428286965445,Low,-1.092716729416306,1.2612893367250428,-1.6518798546943947,-1.0025286604368011
ORD1059,1.3945572983255194,-0.08692779943279895,Low,0.8195375470622295,1.2612893367250428,0.9431194622026251,0.7951382465778962
ORD1060,0.17994287720329322,0.44926236529287733,Low,0.546358364708153,0.020676874372541915,-0.5364347140237384,-0.26943754587407
